{
  "development": {
    "username": "admin",
    "password": "admin123",
    "database": "genyus-ebv",
    "host": "genyus.cs20lebgxpo2.ap-south-1.rds.amazonaws.com",
    "dialect": "mssql"
  },
  "test": {
    "username": "admin",
    "password": "admin123",
    "database": "genyus-ebv",
    "host": "genyus.cs20lebgxpo2.ap-south-1.rds.amazonaws.com",
    "dialect": "mssql"
  },
  "production": {
    "username": "admin",
    "password": "admin123",
    "database": "genyus-ebv",
    "host": "genyus.cs20lebgxpo2.ap-south-1.rds.amazonaws.com",
    "dialect": "mssql"
  }
}
