{
  "form": {
    "name": "Untitled form",
    "description": "",
    "questionStates": [
      {
        "type": "choice",
        "question": "Question",
        "options": ["Option 1", "Option 2"],
        "required": false,
        "multiple": true,
        "isDropdown": false
      },
      {
        "type": "choice",
        "question": "Question",
        "options": ["Option 1", "Option 2"],
        "required": false,
        "multiple": false,
        "isDropdown": false
      },
      {
        "type": "text",
        "question": "Question",
        "required": false,
        "longAnswer": false
      },
      { "type": "date", "question": "Question", "required": false }
    ]
  }
}
