Subscriber Information,,,,,,,,,,,,,Insurance Details,,,,,,Dependent Details - Patient Details.,,,
First name*,Last name*,Date of Birth*,Member ID/Medicaid ID*,Group ID*,Relationship*,Type Of Service,Practice name & Location,Appointment Type,Appointment Date,Specialty,Gender*,Appointment Rendering Provider,Type of Insurance*,Procedure Type*,Procedure Code*,Primary Provider,Provider NPI ID*,Insurance Payer*,Payer ID*,First Name*,Last Name*,Date of Birth*
,,,,,,,,,,,,,,,,,,,,,,
,,,,,,,,,,,,,,,,,,,,,,
,,,,,,,,,,,,,,,,,,,,,,
,,,,,,,,,,,,,,,,,,,,,,
,,,,,,,,,,,,,,,,,,,,,,
,,,,,,,,,,,,,,,,,,,,,,
,,,,,,,,,,,,,,,,,,,,,,
"Notes:   
1) Relationship : Please refer below info for the input
01 - Spouse
18 - Self
19 - Child
34 - Other Adult
2) * - Referred for mandatory fields.
3)  Ensure the Date Format - MM-DD-YYYY
4)  Ensure Appointment Rendering Provider,Primary Provider,insurance payer - need to be valid info of your practice.
5)  Appointment Time Format : MM-DD-YYYY",,,,,,,,,,,,,,,,,,,,,,
